fecha,farmacia
2026-09-01,farmacia_central
2026-09-02,farmacia_del_pueblo
2026-09-03,farmacia_del_pueblo
2026-09-04,farmacia_san_martin
2026-09-05,farmacia_central
2026-09-06,farmacia_del_pueblo
2026-09-07,farmacia_san_martin
2026-09-08,farmacia_central
2026-09-09,farmacia_del_pueblo
2026-09-10,farmacia_san_martin
2026-09-11,farmacia_central
2026-09-12,farmacia_del_pueblo
2026-09-13,farmacia_san_martin
2026-09-14,farmacia_central
2026-09-15,farmacia_del_pueblo
2026-09-16,farmacia_san_martin
2026-09-17,farmacia_central
2026-09-18,farmacia_del_pueblo
2026-09-19,farmacia_san_martin
2026-09-20,farmacia_central
2026-09-21,farmacia_del_pueblo
2026-09-22,farmacia_san_martin
2026-09-23,farmacia_central
2026-09-24,farmacia_del_pueblo
2026-09-25,farmacia_san_martin
2026-09-26,farmacia_central
2026-09-27,farmacia_del_pueblo
2026-09-28,farmacia_san_martin
2026-09-29,farmacia_central
2026-09-30,farmacia_del_pueblo
